id_penyakit,Nama_Penyakit,links-href,Deskripsi_Penyakit_1,Deskripsi_Penyakit_2,Anjuran_Penanganan_1,Anjuran_Penangan_2
1,Abses Anus,https://www.klikdokter.com/penyakit/masalah-pencernaan/abses-anus,"Abses anus merupakan kondisi di mana terdapat pengumpulan pus atau nanah di sekitar anus, yang disertai rasa nyeri. Sebagian besar kasus abses anus disebabkan oleh infeksi pada kelenjar-kelenjar kecil yang terdapat di sekitar anus.","Tipe abses anus yang paling umum terjadi adalah abses perianal. Kondisi ini paling sering tampak sebagai benjolan yang menyerupai bisul di sekitar anus, yang dapat berwarna merah dan teraba hangat. Abses anus yang berlokasi di jaringan yang berposisi lebih dalam lebih jarang ditemui, dan dapat tidak tampak.","Penanganan dari abses anus pada sebagian besar kasus adalah dengan drainase pembedahan, di mana dilakukan insisi di sekitar anus untuk melakukan drainase dari abses tersebut. Penanganan untuk mengalirkan isi dari abses penting untuk dilakukan, sebelum abses pecah.","Abses anus yang dangkal dapat ditindaklanjuti menggunakan obat bius lokal. Namun abses anus yang dalam, bisa saja membutuhkan perawatan inap serta melibatkan dokter spesialis anestesiologi untuk pembiusan. Setelah prosedur penanganan, dokter dapat meresepkan pengobatan untuk mengatasi nyeri atau antibiotik bila dinilai dibutuhkan."
2,Asam Urat,https://www.klikdokter.com/penyakit/masalah-otot-dan-sendi/asam-urat,Penyakit asam urat atau dalam bahasa medis dikenal dengan sebutan gout adalah suatu kondisi medis dimana terjadi gangguan metabolisme asam urat di dalam tubuh. Akibatnya terjadi peningkatan kadar asam urat dalam tubuh.,Kristal uric acid yang berlebihan akan menumpuk di jaringan tubuh dan menyebabkan inflamasi (peradangan) pada persendian (artritis).,"Ketika serangan akut, disarankan untuk konsumsi obat antinyeri dan antiradang untuk mengatasi nyeri dan radang yang dialami. Setelah itu dapat konsumsi obat untuk membantu mengontrol kadar asam urat dalam darah.","Jika keluhan tidak kunjung membaik, sangat disarankan untuk melakukan pemeriksaan diri ke dokter untuk evaluasi klinis dan tatalaksana lebih lanjut."
3,Batu Empedu,https://www.klikdokter.com/penyakit/masalah-pencernaan/batu-empedu,"Batu empedu adalah hasil dari endapan cairan empedu yang memadat menjadi partikel keras menyerupai potongan batu, seperti batu kerikil. Umumnya, batu ini terbentuk di kantong dan atau saluran empedu. Jika batu empedu masuk ke dalam saluran empedu, dapat terjadi penyumbatan dan infeksi pada saluran empedu (kolangitis).","Penyumbatan yang terjadi pada saluran empedu ini akan membuat bakteri tumbuh dan berkembang. Akibatnya, timbullah infeksi di dalam saluran. Bakteri tersebut juga bisa menyebar melalui aliran darah dan menyebabkan infeksi di bagian tubuh lainnya.","Pengobatan batu empedu harus disesuaikan pada dampak yang ditimbulkan. Bila batu tidak menimbulkan keluhan berarti, umumnya tidak dilakukan prosedur pembedahan. Dokter akan menyarankan perubahan gaya hidup.",Segera periksakan diri Anda bila mengalami nyeri perut berkepanjangan yang disertai dengan mual muntah dan atau nyeri yang menjalar ke bahu. 
4,Bintitan,https://www.klikdokter.com/penyakit/masalah-mata/bintitan,"Definisi bintitan, atau dalam dunia medis dikenal dengan istilah hordeolum, adalah benjolan nyeri di kelopak mata (atas ataupun bawah). Benjolan yang berisi nanah ini bisa terdapat pada kelopak mata bagian dalam maupun luar. Bintitan terjadi karena adanya infeksi pada kelenjar di kelopak mata.","Hindari memegang –apalagi memecahkan bintitan. Melakukan hal tersebut hanya akan membuat infeksi semakin menyebar. Meski demikian, Anda dapat membersihkan kelopak mata Anda dengan cairan antiseptik.","Untuk mengatasi bintitan, Anda dapat mengompres mata dengan kompres hangat, empat kali sehari selama sepuluh menit. Kompres ini akan membantu nanah untuk lebih mudah keluar.",
5,Bisul,https://www.klikdokter.com/penyakit/masalah-infeksi/bisul,"Bisul (furunkel) adalah infeksi bakteri yang memicu peradangan di dalam folikel rambut (lubang tempat rambut tumbuh). Pada awalnya, kulit di daerah infeksi menjadi merah dan muncul benjolan. Setelah empat sampai tujuh hari, benjolan tersebut mulai berisi nanah dan terasa sakit.","Bisul biasanya muncul pada area kulit yang memiliki rambut, sering berkeringat, dan bergesekan –seperti leher, wajah, ketiak, bokong, dan paha. Namun, tidak menutup kemungkinan bisul muncul di permukaan.","Bisul umumnya dapat sembuh sendiri tanpa perawatan medis. Namun, Anda harus segera memeriksa diri ke dokter apabila memiliki kondisi bisul berikut: Muncul di wajah, hidung, atau tulang belakang (Ini bisa memicu terjadinya komplikasi), Membesar hingga berukuran diameter lebih dari 5 cm, Tidak sembuh dalam 14 hari.","Anda juga disarankan untuk berkonsultasi ke dokter apabila muncul bisul sabut, atau merasakan gejala bisul tambahan seperti demam. Dokter biasanya mendiagnosis bisul hanya dengan melihat kondisi kulit pasien. Jika infeksi tersebut berulang atau tidak teratasi dengan pengobatan yang sebelumnya diberikan, dokter akan menyarankan pemeriksaan penunjang berupa tes darah di laboratorium. Pemeriksaan ini dilakukan untuk menentukan antibiotik yang tepat untuk melawan bakteri penyebab bisul."
6,Cacar Air,https://www.klikdokter.com/penyakit/masalah-kulit/cacar-air,Cacar air (chickenpox) adalah penyakit infeksi akut yang disebabkan oleh Varicella zoster. Penyakit infeksi ini juga disebut dengan nama varisela.,"Sama seperti penyakit lainnya yang disebabkan oleh virus, chickenpox bisa sembuh dengan sendirinya atau bersifat self limiting disease.","Namun, jika Anda tidak yakin apakah gejala yang muncul adalah cacar air, Anda bisa memastikannya pada dokter.",
7,Cacingan,https://www.klikdokter.com/penyakit/masalah-pencernaan/cacingan,Cacing adalah salah satu parasit yang bisa masuk ke dalam tubuh sehingga menyebabkan gejala penyakit. Kondisi ini disebut cacingan.,Cacingan sendiri secara umum merujuk pada infeksi cacing dalam tubuh manusia.,"Segera periksa ke dokter jika cacingan yang diderita menyebabkan lemas, terlihat pucat, dan sulit beraktivitas.",
8,Campak,https://www.klikdokter.com/penyakit/masalah-kulit/campak,"Campak adalah infeksi yang disebabkan oleh virus. Gejala campak berupa ruam merah pada seluruh tubuh yang disertai demam, batuk, dan pilek.",,"Penyakit ini mudah menular. Oleh karena itu, hindari kontak langsung dengan orang-orang yang rentan terhadap infeksi virus ini – seperti anak kecil dan wanita hamil.","Pasien campak tanpa komplikasi dapat melakukan rawat jalan. Sementara itu, rawap inap diperlukan jika pasien mengalami komplikasi, seperti dehidrasi, infeksi saluran pernapasan, kesulitan untuk mendapatkan asupan, dan sebagainya."
9,Demam,https://www.klikdokter.com/penyakit/masalah-kesehatan-umum/demam,"Demam adalah kondisi meningkatnya suhu tubuh di atas rata-rata suhu harian. Orang dewasa dianggap demam apabila pengukuran suhu oral (lewat mulut) di atas 38 derajat Celsius, atau suhu rektal (diukur melalui anus) maupun telinga di atas 38,3 derajat Celsius. Namun, demam sering kali baru menjadi perhatian jika suhu sudah mencapai >39,4 derajat Celsius.","Sementara itu, anak dan balita dianggap demam apabila suhu rektalnya >38 derajat Celsius. Suhu tubuh yang meningkat (walaupun sedikit) dapat merupakan tanda dari infeksi yang serius. Obat penurun demam seperti paracetamol atau ibuprofen dapat digunakan. Namun, perlu diingat, obat ini hanya mengatasi gejala demam, bukan untuk mengatasi penyakit yang mendasari.","segera temui dokter khususnya bila demam dan diikuti dengan kondisi: Demam tinggi mencapai >39,4 derajat Celsius, Demam berlangsung lebih dari 3 hari atau hilang timbul selama >7 hari","Demam disertai salah satu atau lebih gejala berikut juga memerlukan pemeriksaan dokter dengan segera: Ruam kemerahan pada kulit, Kesulitan bernapas atau nyeri dada, Nyeri kepala atau nyeri leher yang berat, Kejang atau gangguan kesadaran, Muntah dan diare hebat, Nyeri hebat pada perut/pinggang/punggung, Sangat lemas atau gelisah, Nyeri saat berkemih, Mengalami kelemahan otot atau penurunan sensasi perabaan, Gejala lain yang tidak biasa, atau membuat cemas."
10,Diare,https://www.klikdokter.com/penyakit/masalah-pencernaan/diare,"Diare adalah kondisi di mana feses yang dikeluarkan encer atau berair dengan frekuensi lebih sering daripada biasanya. Diare biasanya muncul dengan gejala tunggal atau dikaitkan dengan gejala lain, seperti mual, muntah, sakit perut, atau penurunan berat badan. Umumnya, diare disebabkan oleh mengonsumsi makanan atau minuman yang kotor dan terkontaminasi mikroorganisme.","Diare biasanya lebih sering terjadi tak berlangsung lama, tidak lebih dari 2- 3 hari. Ketika diare berlangsung lebih dari beberapa hari hingga berminggu-minggu, biasanya menunjukkan bahwa ada masalah serius lain.","Diare yang umum terjadi bisa ditangani dengan obat-obatan yang dijual bebas. Namun, pada kasus khusus, diare bisa berlangsung berminggu-minggu dan harus mendapat terapi khusus oleh dokter yang menangani.",
11,Disentri,https://www.klikdokter.com/penyakit/masalah-infeksi/disentri,Disentri merupakan diare yang disertai darah atau lendir akibat adanya peradangan atau infeksi pada usus.,,"Dalam penanganan disentri, pemberian antibiotik mungkin tidak diperlukan untuk mengatasi gejala ringan. Namun jika gejalanya bersifat sedang sampai berat, maka diperlukan antibiotik yang sesuai dengan bakteri penyebabnya. Selain itu bisa ditambah obat-obatan untuk mengurangi gejala diare.","Hindari obat diare yang bersifat antimotilitas atau menurunkan pergerakan usus (seperti loperamide). Hal tersebut dapat memperparah gejala yang ada. Jika sudah muncul tanda dehidrasi, maka diperlukan asupan cairan dengan oralit atau infus."
12,Dispepsia,https://www.klikdokter.com/penyakit/masalah-pencernaan/dispepsia,"Nyeri ulu hati atau dispepsia merupakan gangguan yang terjadi di daerah perut bagian tengah. Gangguan ini bisa memunculkan sekumpulan gejala berupa rasa nyeri pada ulu hati, kembung, mual dan muntah, dan sebagainya. Nyeri ini dapat hilang timbul, tetapi biasanya terjadi secara terus-menurus.","Komplikasi serius pada nyeri ulu hati atau dispepsia sebenarnya jarang terjadi. Hanya saja, jika tidak segera diatasi dapat menimbulkan luka pada lambung yang dalam atau melebar. Kondisi yang akan terjadi tergantung dari berapa lama lambung terpapar oleh asam lambung. Tapi bisa dipastikan bahwa komplikasi bisa berakibat fatal karena penderita terancam terkena kanker lambung.","Pertolongan pertama untuk mengatasi nyeri ulu hati atau dispepsia dapat dilakukan dengan meminum obat yang direkomendasikan oleh dokter. Misalnya, dengan mengonsumsi obat yang mengandung antasida untuk mengurangi asam lambung. Jangan lupa untuk makan makanan apa pun yang ada, memperbanyak konsumsi air putih, serta istirahat.","Obat-obatan biasanya dapat menangani dispepsia dengan baik. Jika Anda mengalami luka pada dinding lambung, obat anti asam lambung bisa membantu untuk mengatasinya. Jika timbul kecurigaan adanya infeksi, maka antibiotik dapat diberikan. Apabila dokter curiga bahwa obat-obatan yang Anda minum menyebabkan gangguan, maka akan diberikan obat lain."
13,Faringitis,https://www.klikdokter.com/penyakit/masalah-tht/faringitis,Faringitis adalah istilah medis untuk infeksi atau iritasi pada daerah faring (tenggorokan).  Faring merupakan saluran yang mengantarkan udara dari hidung dan mulut menuju ke paru. Umumnya faringitis disebabkan oleh infeksi virus dan bakteri.,,Faringitis adalah istilah medis untuk infeksi atau iritasi pada daerah faring (tenggorokan).  Faring merupakan saluran yang mengantarkan udara dari hidung dan mulut menuju ke paru. Umumnya faringitis disebabkan oleh infeksi virus dan bakteri.,"Jika melalui pemeriksaan swab tenggorokan terbukti adanya infeksi bakteri, maka dokter akan memberikan antibiotik golongan beta lactam, seperti penisilin atau amoksisilin, selama 10–14 hari untuk membunuh semua bakteri."
14,Herpes Zoster,https://www.klikdokter.com/penyakit/masalah-kulit/herpes-zoster,Herpes zoster adalah penyakit infeksi yang menimbulkan bintik berair di kulit. Kondisi ini bisa amat mengganggu karena nyeri yang dirasakan.,Penyakit herpes zoster yang juga dikenal dengan cacar api adalah infeksi yang disebabkan oleh varisela zoster.,Tidak ada pengobatan atau perawatan khusus untuk menangani penyakit herpes zoster. Penanganan yang dilakukan adalah untuk mempercepat penyembuhan dan mengurangi risiko terjadinya komplikasi. ,"Apabila ruam terasa gatal, kamu dapat menggunakan losion kalamin untuk meredakannya. Jika cairan dalam ruam merembes ke luar, kompres dingin selama 20 menit beberapa kali sehari agar kebersihannya tetap terjaga."
15,Hipersomnia,https://www.klikdokter.com/penyakit/masalah-tidur/hipersomnia,"Hipersomnia merupakan gangguan tidur yang cukup jarang, yang dapat menyebabkan rasa kantuk berlebih pada siang hari. Bahkan meski sudah mendapatkan tidur yang cukup pada malam hari. Kondisi ini juga sering kali menyebabkan kesulitan untuk bangun pada pagi hari setelah tidur pada malam hari atau tidur siang.","Pada kondisi ini, kebutuhan untuk tidur dapat terjadi kapan saja, termasuk pada saat mengemudikan kendaraan atau bekerja, yang dapat membuat kondisi ini menjadi berbahaya. Umumnya, hipersomnia berkembang selama beberapa minggu hingga beberapa bulan.",Penanganan terhadap hipersomnia ditujukan untuk meredakan tanda dan gejala yang timbul. Pengobatan stimulan tertentu dapat diresepkan oleh dokter untuk membantu tubuh tetap terjaga pada siang hari bila dinilai dibutuhkan.,"Selain itu, dokter juga dapat merekomendasikan untuk membuat pola tidur malam yang rutin dan menghindari alkohol, kafein, serta obat-obatan tertentu yang dapat memengaruhi pola tidur."
16,Infeksi Kulit,https://www.klikdokter.com/penyakit/masalah-kulit/infeksi-kulit,Kulit merupakan organ terluas di tubuh manusia. Karena itu infeksi kulit bisa terjadi di berbagai area tubuh. Infeksi kulit pada dasarnya merupakan kondisi peradangan kulit akibat kuman yang masuk ke dalam lapisan-lapisan kulit.,,Pengobatan infeksi kulit juga tergantung pada penyebab infeksi. Infeksi kulit akibat virus umumnya akan sembuh dengan sendirinya dalam beberapa hari hingga beberapa minggu. Infeksi ini tidak memerlukan pengobatan khusus. Anda biasanya dianjurkan untuk meningkatkan daya tahan tubuh agar serangan virus segera berlalu.,Infeksi kulit akibat bakteri umumnya membutuhkan pengobatan dengan antibiotik. Obat antibiotik dapat diberikan dengan cara dioleskan atau dengan cara diminum/ oral. Pemilihan jenis antibiotik dan cara penggunaannya perlu petunjuk lebih lanjut oleh dokter dan tak boleh dilakukan secara sembarangan.
17,Insomnia,https://www.klikdokter.com/penyakit/masalah-tidur/insomnia,Keadaan sulit tidur atau insomnia adalah gangguan tidur yang ditandai dengan kesulitan untuk memulai atau mempertahankan tidur. ,"Jumlah durasi waktu tidur yang dibutuhkan setiap orang memang berlainan. Akan tetapi, kebutuhan tidur orang dewasa rata-rata adalah 7- 8 jam per hari.",,
18,Jamur Kulit,https://www.klikdokter.com/penyakit/masalah-kulit/jamur-kulit,"Jamur kulit adalah istilah yang sering digunakan untuk infeksi jamur pada kulit. Keadaan normal, jamur tertentu ditemukan di kulit manusia","Namun jika jumlahnya berlebihan, terdapat keretakan kulit, atau bila daya tahan tubuh yang lemah, jamur dapat menyebabkan infeksi.","Pengobatan jamur kulit tergantung pada jenis jamur penyebabnya. Jika disebabkan oleh jamur dematofita, jamur kulit yang tidak terlalu luas dapat diobati dengan obat oles yang mengandung miconazole atau clotrimazole.",
19,Jerawat,https://www.klikdokter.com/penyakit/masalah-kulit/jerawat,"Jerawat (acne) adalah gangguan pada kulit yang berhubungan dengan produksi minyak (sebum) berlebih. Hal tersebut menyebabkan peradangan serta penyumbatan pada pori-pori kulit. Peradangan ditandai dengan munculnya benjolan kecil (yang terkadang berisi nanah) di atas kulit. Gangguan kulit ini biasa terdapat di bagian tubuh dengan kelenjar minyak terbanyak, yaitu di wajah, leher, bagian atas dada, dan punggung.",,,
20,Jet Lag,https://www.klikdokter.com/penyakit/masalah-tidur/jet-lag,"Jet lag sebenarnya bukanlah suatu penyakit, melainkan respons tubuh yang wajar ketika seseorang mengalami perubahan zona waktu yang ekstrem.","Jet lag ditandai dengan gangguan tidur, sakit kepala, dan gangguan emosi. Kondisi yang juga sering disebut sebagai zone change syndrome atau desinkronosis ini lebih umum dialami seseorang yang bepergian dari negara barat ke timur.","Sebisa mungkin hindari mengonsumsi makanan atau minuman berkafein saat dalam perjalanan dan setelah sampai tujuan, karena kafein sendiri dapat mengganggu irama tidur seseorang.",Tetaplah tenang bila mengalami jet lag karena hal ini tidak akan berlangsung berkepanjangan. Tubuh umumnya mulai dapat beradaptasi dengan zona waktu di negara yang baru dalam waktu 1–3 hari.
21,Katarak,https://www.klikdokter.com/penyakit/masalah-mata/katarak,"Katarak atau kekeruhan lensa merupakan kondisi terjadinya kekeruhan pada organ mata, yaitu lensa mata. Gangguan mata ini merupakan penyebab kebutaan utama yang dapat diobati di dunia saat ini.","Sebagian besar katarak atau kekeruhan lensa timbul pada usia tua sebagai akibat paparan terus menerus terhadap pengaruh lingkungan dan pengaruh lainnya. Beberapa hal yang dapat memengaruhinya adalah merokok, radiasi sinar ultraviolet, dan peningkatan kadar gula darah.",Penentuan diagnosis katarak atau kekeruhan lensa dilakukan lewat serangkaian wawancara dan pemeriksaan fisik. Pemeriksaan fisik yang dilakukan berupa pemeriksaan lapang pandang (misalnya dengan melihat huruf pada jarak 6 m) yang biasanya memberikan hasil terdapatnya penurunan ketajaman penglihatan.,"Selain itu terdapat pemeriksaan dengan menggunakan senter yang diarahkan pada samping mata, yang akan memperlihatkan kekeruhan pada lensa mata yang berbentuk seperti bulan sabit (shadow test positif)."
22,Kejang Demam,https://www.klikdokter.com/penyakit/masalah-kesehatan-umum/kejang-demam,"Kejang demam adalah kondisi kejang yang diikuti demam dengan suhu lebih 38 derajat Celsius, tanpa disertai dengan penyakit di luar jaringan otak. ","Kondisi ini terjadi pada anak berusia antara enam bulan sampai lima tahun. Sebanyak 2 - 4 persen kasus kejang demam terjadi pada anak di bawah usia lima tahun. Dari total kasus itu, paling sering terjadi pada bayi berusia 12 - 18 bulan.","Setelah kejang demam berakhir, segera bawa anak ke dokter untuk mengetahui penyebab demam yang dialami anak. Dokter biasanya akan meresepkan obat penurun panas, seperti paracetamol atau ibuprofen, untuk menurunkan demam yang dapat menyebabkan kejang.","Umumnya, kejang demam tidak membutuhkan perawatan rumah sakit. Namun, jika terjadi kejang demam kompleks, perawatan rumah sakit akan dibutuhkan untuk mencari penyebab infeksi."
23,Keracunan Makanan,https://www.klikdokter.com/penyakit/masalah-pencernaan/keracunan-makanan,"Keracunan makanan merupakan salah satu gangguan kesehatan yang cukup sering terjadi di Indonesia. Kendati tidak ada data pasti, tidak jarang terjadi kasus saat seorang penderitanya harus dilarikan ke Unit Gawat Darurat (UGD) untuk mendapat penanganan lebih lanjut.","Penyebab keracunan makanan cukup beragam. Bisa karena kontaminasi virus, bakteri, ataupun parasit. Berbagai organisme ini mengeluarkan racun yang kemudian mengakibatkan berbagai keluhan kesehatan. Keluhan yang muncul dapat berupa keluhan ringan, sedang, hingga berat yang bahkan dapat mengancam nyawa penderitanya.","Karena penderita keracunan sangat rentan dehidrasi, maka rehidrasi atau pemberian cairan menjadi langkah utama yang perlu dilakukan. Bila pasien tidak mampu minum karena mual muntah berlebih misalnya, maka rehidrasi dapat dilakukan melalui infus.","Pengobatan lain keracunan makanan didasari oleh gejala yang dialami penderita. Pada penderita dengan keluhan demam, dapat diberikan penurun panas."
24,Kolera,https://www.klikdokter.com/penyakit/masalah-infeksi/kolera,Kolera merupakan penyakit akibat infeksi usus kecil yang disebabkan oleh bakteri Vibrio cholerae. Penyakit ini biasanya menginfeksi lewat makanan atau minuman yang telah terkontaminasi.,"Bakteri Vibrio cholera mengeluarkan racun di usus yang memicu terjadinya diare yang disertai muntah. Jika tidak segera ditangani, Anda bisa kehilangan banyak cairan dan mengalami dehidrasi. Bahkan penyakit kolera bisa mengancam jiwa.","Penanganan pertama jika menderita kolera adalah memperbanyak asupan cairan untuk mencegah dehidrasi akibat kolera. Sangat penting untuk segera mengganti kehilangan cairan, garam, dan mineral dari tubuh. Bagi penderita yang mengalami dehidrasi berat, cairan akan diberikan melalui infus.","Bila dehidrasi sudah diatasi, tujuan pengobatan selanjutnya adalah untuk menggantikan jumlah cairan yang hilang karena diare dan muntah. Pengobatan awal dengan tetrasiklin atau antibiotik lainnya bisa membunuh bakteri dan biasanya akan menghentikan diare dalam 48 jam."
25,Konstipasi,https://www.klikdokter.com/penyakit/masalah-pencernaan/konstipasi,Konstipasi merupakan kondisi di mana buang air besar terjadi kurang dari tiga kali dalam satu minggu.,"Walaupun konstipasi yang tidak menetap cukup sering terjadi, beberapa individu dapat mengalami konstipasi yang kronis atau berkepanjangan. Hal ini dapat menyebabkan mengejan yang berlebih saat buang air besar, serta beberapa tanda dan gejala lainnya.",Penanganan pada konstipasi kronis umumnya dimulai dari perubahan diet dan gaya hidup yang ditujukan untuk meningkatkan kecepatan pergerakan feses melalui usus.,"Dokter juga dapat meresepkan obat-obatan yang memperlancar buang air besar, bergantung dari derajat keparahan keluhan. Selain itu, prosedur pembedahan merupakan salah satu pilihan apabila berbagai penanganan sudah dicoba namun tidak berhasil. Diskusikanlah bersama dokter untuk menentukan penanganan yang paling sesuai bagi konstipasi kronis yang dialami."
26,Kram Otot,https://www.klikdokter.com/penyakit/masalah-otot-dan-sendi/kram-otot,"Kram otot terjadi apabila seseorang mengalami kontraksi otot tiba-tiba, tidak segera mereda dan terasa sangat nyeri.","Otot yang kontraksi tiba-tiba, tidak kunjung reda adalah gejala kram otot. Bila dilihat, area otot yang terkena terlihat menegang dan teraba keras. Kram otot dapat terjadi beberapa kali sebelum keluhan benar-benar hilang.",Umumnya pengobatan kram otot tidak memerlukan penanganan serius oleh dokter.,"Walau dapat sembuh dengan sendirinya, penanganan oleh dokter tetap dibutuhkan pada kasus berikut ini: Kram otot yang menyebabkan nyeri hebat, tidak kunjung mereda dengan langkah yang dilakukan sendiri, Otot terlihat merah, bengkak dan teraba hangat, Terjadi kelemahan otot setelahnya, Sangat sering dialami."
27,Kudis,https://www.klikdokter.com/penyakit/masalah-kulit/kudis,Kudis dalam bahasa medis dikenal dengan istilah scabies. Ini adalah penyakit kulit yang disebabkan oleh tungau (mite) Sarcoptes scabei. Tungau ini berukuran sangat kecil dan hanya bisa dilihat dengan mikroskop atau bersifat mikroskopis.,"Penyakit ini mudah menular baik dari manusia ke manusia maupun dari hewan ke manusia atau sebaliknya. Kudis atau scabies sangat mudah menyebar. Penyebarannya dapat secara langsung melalui sentuhan langsung dengan penderita maupun secara tak langsung melalui baju, seprai, handuk, bantal, air, atau sisir yang pernah digunakan penderita.",Pengobatan kudis atau scabies tidak terlalu sulit. Dokter akan memberikan krim yang bisa Anda oleskan di seluruh tubuh yang bisa Anda biarka sepanjang malam. Setelah itu lalu basuh hingga bersih. Pengobatan ini biasanya diulang setelah 1 minggu.,Namun ada juga krim lain yang harus Anda bersihkan setelah 8 jam. Krim tersebut juga dapat Anda oleskan ke seluruh tubuh dari leher ke bawah. Kedua obat tersebut cukup efektif. Namun pastikan Anda telah berkonsultasi dengan dokter terlebih dahulu sebelum menggunakannya.
28,Kurap,https://www.klikdokter.com/penyakit/masalah-kulit/kurap,Kurap adalah infeksi jamur yang dapat terjadi pada semua area kulit. ,"Penyakit kurap sendiri disebabkan oleh jamur golongan dermatofita yang menyerang jaringan berkeratin, seperti kulit. Jamur ini bersifat menghancurkan lapisan kulit terluar.","Pengobatan kurap biasanya dilakukan dengan menggunakan salep antimikotiik (antijamur), yang digunakan selama 2–3 minggu. Penderitanya juga bisa mengonsumsi tablet antijamur yang diresepkan dokter, bila keluhan tak kunjung membaik setelah penggunaan salep.","Jika sudah memperbaiki kebiasaan, menjaga kebersihan, dan menghindari lembap, tapi lesi kulit semakin meluas atau ada infeksi sekunder dan tak membaik dengan obat sebaiknya lakukan pemeriksaan langsung ke dokter."
29,Luka Bakar,https://www.klikdokter.com/penyakit/masalah-kulit/luka-bakar,"Luka bakar merupakan kondisi yang timbul akibat pajanan panas suhu sedang – tinggi terhadap kulit tubuh. Luka bakar bisa terjadi karena berbagai sumber penyebab, termasuk di antaranya adalah sinar matahari, zat kimia, listrik, atau api.","Luka bakar bisa menimbulkan rasa sangat nyeri, menyebabkan kulit merah dan mengelupas, luka, pembengkakan, serta perubahan warna kulit. Nyeri yang dirasakan tidak selalu berbanding lurus dengan tingkat keparahan luka bakar. Ini karena luka bakar dengan tingkat keparahan yang tinggi mungkin tidak lagi terasa nyeri.","Penanganan luka bakar bergantung pada tipe dan luas luka yang terjadi. Untuk luka bakar yang cukup berat, setelah mendapatkan penanganan awal, selanjutnya pasien harus mendapatkan pengobatan, penutupan luka, terapi, dan pembedahan.",
30,Malaria,https://www.klikdokter.com/penyakit/masalah-infeksi/malaria,"Malaria adalah penyakit menular yang disebarkan melalui gigitan nyamuk. Biasanya pasien akan mengeluhkan gejala demam, lemas, dan menggigil.",,"Segerakan mengunjungi dokter jika Anda mengalami gejala-gejala berikut: Demam tinggi disertai gejala-gejala setelah mengunjungi daerah dengan risiko penyakit malaria yang tinggi, Demam tinggi disertai gejala seperti lemas, penurunan nafsu makan dan tinggal seorang diri atau jauh dari fasilitas kesehatan Mengalami penurunan kesadaran, Kejang.",
31,Masuk Angin,https://www.klikdokter.com/penyakit/masalah-kesehatan-umum/masuk-angin,Masuk angin adalah istilah yang sering digunakan masyarakat Indonesia saat merasakan sekumpulan gejala yang berhubungan dengan tidak enak badan.,,"Tidak ada obat masuk angin yang dapat diberikan untuk menyembuhkan penderita masuk ‘angin’ ini. Sering kali, pengobatan simptomatik sudah mencukupi. Pengobatan simptomatik berupa obat-obat untuk meredakan gejala yang dirasakan penderita. Misalnya saja, penurun demam, anti-mual, anti-nyeri untuk sakit kepala, dan lain-lain.","Namun jika keluhan tidak kunjung membaik dengan pengobatan, sebaiknya Anda berkonsultasi lebih lanjut dengan dokter."
32,Mata Ikan,https://www.klikdokter.com/penyakit/masalah-kulit/mata-ikan,"Mata ikan atau clavus adalah penebalan kulit akibat adanya gesekan yang berulang. Kondisi tersebut sering kali ditemukan pada bagian tubuh yang menonjol, tonjolan tulang di telapak kaki atau tangan.","Penebalan kulit pada mata ikan dapat menimbulkan rasa nyeri dan menyebabkan luka jika tidak ditangani dengan baik. Pada dasarnya, clavus tidak berbahaya. Namun, penderitanya sering terganggu karena dapat terasa sakit dan mengganggu aktivitas.","Apabila perawatan mandiri di rumah tidak dapat mengurangi rasa nyeri di sekitar mata ikan, sebaiknya segera ke dokter. Apalagi, nyeri disertai dengan peradangan dan perdarahan.","Selain itu, apabila kamu punya memiliki riwayat diabetes, penyakit arteri perifer, penyakit sistem imun, atau penyakit jantung, sebaiknya tidak melakukan perawatan mandiri di rumah. Segera minta bantuan dokter agar tidak memicu komplikasi infeksi."
33,Mata Kering,https://www.klikdokter.com/penyakit/masalah-mata/mata-kering,Mata kering adalah suatu gangguan pada permukaan mata yang ditandai dengan ketidakstabilan produksi dari lapisan air mata. Seorang dengan mata kering akan mengeluh adanya sensasi gatal atau mata terasa seperti berpasir.,"Dalam dunia medis, mata kering juga dikenal dengan istilah keratoconjunctivitis sicca, atau untuk lebih mudahnya bisa disebut sindrommata kering. Tingkat keparahan keluhan mata kering cukup bervariasi, mulai dari ringan hingga berat. Bahkan pada beberapa kasus, mata kering juga dapat disertai komplikasi.",Mata kering dapat ditangani dengan melakukan berbagai hal. Anda bisa melakukan pengompresan mata dengan air hangat selama 2 menit. Lakukan sebanyak 2–4 kali sehari. Kemudian bersihkan dengan sampoo bayi.,Air mata juga dapat digantikan dan distimulasi dengan cairan hipotonik khusus. Penggunaan obat penekan peradangan dan pembedahan dapat dilakukan pada kasus mata kering tertentu. Konsultasi dengan dokter mata diperlukan untuk kasus mata kering yang berat.
34,Mimisan,https://www.klikdokter.com/penyakit/masalah-tht/mimisan,"Mimisan atau epistaksis adalah perdarahan yang mengalir keluar dari rongga hidung atau nasofaring. Ini bukanlah suatu penyakit, melainkan gejala dari suatu kelainan.",Hampir 90% kasus mimisan/ epistaksis dapat berhenti sendiri. Perdarahan dari hidung dapat merupakan gejala yang sangat mengganggu. Sumber perdarahan harus dicari dan dikoreksi pengobatan dapat efektif.,,
35,Panu,https://www.klikdokter.com/penyakit/masalah-kulit/panu,Panu adalah infeksi pada kulit yang ditandai dengan munculnya bercak putih hingga cokelat yang bersisik halus.,"Cara mencegah panu adalah dengan menggunakan pakaian yang mudah menyerap keringat dan hindari berbagi barang pribadi dengan orang lain (seperti handuk, celana dalam, dan baju).","Panu termasuk penyakit yang mudah kambuh. Oleh karena itu, pengobatan harus dilakukan secara menyeluruh, tekun, dan konsisten.","Jika panu tidak kunjung membaik atau bahkan memberat, sebaiknya Anda berkonsultasi ke dokter spesialis kulit."
36,Penyakit Ambeien Atau Wasir,https://www.klikdokter.com/penyakit/masalah-pencernaan/ambeien,"Ambeien atau wasir dalam bahasa medis disebut hemoroid, merupakan suatu kondisi dimana terjadi pelebaran dari pembuluh darah yang berlokasi di sekitar anus. Pembuluh darah anus yang melebar ini seringkali teregang hebat, menipis, dan teriritasi.","Kondisi tersebut terutama terjadi bila faktor-faktor risiko terus berulang (contohnya sering mengalami buang air besar yang keras). Hal inilah yang berujung pada terjadinya komplikasi ambeien yaitu kondisi anemia hingga syok, bila terjadi perdarahan yang begitu banyak dari pembuluh darah yang teriritasi tersebut.","Bila Anda mengalami tanda dan gejala ambeien atau wasir, maka hal pertama yang harus Anda perhatikan adalah seberapa berat derajat ambeien yang diderita. Bila ambeien tersebut tidak tampak (hanya dirasakan), masih dapat masuk dengan sendirinya, maka Anda masih dapat menunda kunjungan ke dokter.","Lain halnya jika ambeien disertai keluhan ketidaknyamanan yang begitu mengganggu Anda, menimbulkan perdarahan yang banyak, atau ambeien telah menonjol keluar dan tidak dapat masuk sama sekali. Biasanya Anda akan disarankan untuk segera mengunjungi dokter untuk memperoleh penanganan. Bila Anda mengalami perdarahan dari anus untuk pertama kalinya, maka Anda juga disarankan untuk memperoleh pemeriksaan dari dokter karena perdarahan lewat anus dapat pula disebabkan oleh berbagai penyakit lain seperti polip usus besar, kanker usus besar, atau penyakit Chron’s."
37,Penyakit Kuning,https://www.klikdokter.com/penyakit/masalah-pencernaan/penyakit-kuning,Penyakit kuning terjadi akibat penumpukan bilirubin di darah dan jaringan tubuh lainnya.,,"Pengobatan penyakit kuning didasarkan pada masalah penyebabnya. Bila kuning disebabkan oleh virus hepatitis, umumnya kuning akan berangsur menghilang seiring dengan pulihnya fungsi hati.","Bila penyebab sakit kuning karena adanya sumbatan saluran empedu, maka salah satu langkah pengobatan yang harus dilakukan adalah operasi. Oleh karena itu, penting untuk mengetahui penyebabnya terlebih dahulu sebelum menentukan langkah pengobatan yang tepat."
38,Penyakit Maag,https://www.klikdokter.com/penyakit/masalah-pencernaan/mag,"Penyakit maag merupakan istilah yang sering dipakai untuk menggambarkan gangguan di lambung. Dalam dunia medis, kondisi itu disebut dengan dispepsia.",Sakit maag adalah ketidaknyamanan pada perut bagian atas ataupun sekitar ulu hati. Sifat nyerinya berulang dan juga kronik. ,"Segera hubungi dokter bila Anda mengalami salah satu dari kondisi berikut: Usia >50 tahun saat gejala pertama kali muncul, muntah terus-menerus, muntah darah, berat badan menurun tanpa disengaja, atau kehilangan nafsu makan, tinja berwarna merah kehitaman; menyerupai kopi, nyeri atau kesulitan saat menelan, nyeri perut hebat yang berlangsung lebih dari 1 jam, nyeri perut hilang timbul selama lebih dari 24 jam, mengalami demam >39oC, terdapat riwayat kanker pada keluarga.",
39,Rabun Dekat,https://www.klikdokter.com/penyakit/masalah-mata/rabun-dekat,"Rabun dekat atau hipermetropia atau hiperopia adalah gangguan penglihatan dalam jarak yang dekat sehingga penderita mengalami penglihatan buram atau tidak jelas ketika melihat dekat. Contohnya, tidak jelas dalam membaca buku. Namun, penderita rabun dekat umumnya tidak bermasalah dalam melihat jarak jauh.",,,
40,Rabun Jauh,https://www.klikdokter.com/penyakit/masalah-mata/rabun-jauh,"Rabun jauh atau miopia adalah gangguan penglihatan dalam jarak yang jauh. Gangguan ini membuat penderitanya sehingga penderita mengalami penglihatan buram atau tidak jelas ketika melihat jauh. Contohnya, tidak jelas dalam melihat lampu lalu lintas. Namun, tidak bermasalah dalam melihat jarak yang dekat seperti membaca buku.",,,
41,Rabun Senja,https://www.klikdokter.com/penyakit/masalah-mata/rabun-senja,"Rabun senja merupakan suatu kondisi di mana terjadi penurunan tajam penglihatan secara signifikan ketika berada dalam lingkungan gelap. Dalam dunia medis, rabun senja disebut nyctalopia.","Sebenarnya, penurunan tajam penglihatan dalam lingkungan gelap merupakan hal yang normal terjadi. Akan tetapi, bila kemampuan melihat menjadi sangat terbatas hingga mengganggu aktivitas, kondisi ini harus ditangani dengan baik.",,
42,Radang Amandel,https://www.klikdokter.com/penyakit/masalah-tht/radang-amandel,Radang amandel atau tonsilitis adalah kondisi peradangan akibat infeksi pada tonsil (amandel). Tonsil sendiri merupakan kumpulan kelenjar getah bening yang berada di bagian belakang tenggorokan. ,,"Cara mengobati radang amandel tergantung dari penyebabnya. Jika disebabkan oleh infeksi virus, tubuh dapat melawan sendiri infeksi tersebut. Cara mengobati radang amandel tergantung dari penyebabnya. Jika disebabkan oleh infeksi virus, tubuh dapat melawan sendiri infeksi tersebut. ",Jika konsumsi obat radang amandel tidak seperti anjuran dokter dapat mengakibatkan infeksi memburuk atau menyebar ke bagian lain dari tubuh. 
43,Rambut Rontok,https://www.klikdokter.com/penyakit/masalah-kulit/rambut-rontok,Rambut rontok dalam dunia medis disebut sebagai alopesia. Kerontokan merupakan kondisi umum yang memang terjadi pada semua orang.  Itu sebabnya kerontokan dianggap normal bila jumlah helai yang rontok tidak lebih dari 100 helai per hari.,"Namun kerontokan bisa menjadi masalah bila jumlah yang rontok lebih dari 100 helai per hari dan tak terkendali. Sebab rambut rontok yang tak terkendali merupakan awal kebotakan. Jika merasa kerontokan yang Anda alami sudah demikian menganggu, konsultasikan pada dokter untuk penanganan segera.","Asupan nutrisi –seperti seng, vitamin B, asam folat, zat besi dan kalsium, adalah jenis asupan yang baik dan dianjurkan untuk mengatasi rambut rontok. Beberapa studi menunjukkan asupan vitamin D juga berdampak positif. Vitamin biotin diketahui dapat merangsang pertumbuhan rambut.",
44,Rematik,https://www.klikdokter.com/penyakit/masalah-otot-dan-sendi/rematik,"Rheumatoid artritis, atau sering disebut rematik, adalah penyakit autoimun yang menyerang sendi. Penyakit ini menyebabkan peradangan pada sendi, jaringan di sekitar sendi, serta dapat mengenai organ lain di dalam tubuh, seperti kulit dan paru.","Penyakit ini biasanya muncul perlahan. Bahkan, awalnya nyeri sendi dirasakan tak terlalu mengganggu. Namun, dalam beberapa minggu hingga beberapa bulan, akan semakin banyak sendi yang terkena. Peradangan pun akan semakin hebat.","Apabila Anda mendapati gejala-gejala di atas serta merasakan nyeri terus-menerus dan mengganggu aktivitas sehari-hari, segera konsultasi lanjut ke dokter.",
45,Rhinofaringitis,https://www.klikdokter.com/penyakit/masalah-tht/rhinofaringitis,"Rhinofaringitis adalah peradangan yang terjadi di saluran hidung dan tenggorokan atau faring.  Hidung dan faring sama-sama merupakan bagian dari saluran napas, sehingga infeksi kuman di hidung dapat menjalar ke faring, begitupun sebaliknya.","Penyakit ini mudah menular lewat udara. Oleh karena itu, baik penderita maupun orang-orang di sekitarnya wajib menjaga kebersihan diri untuk mencegah penularan.","Karena rhinofaringitis sudah umum ditemukan di masyarakat, kebanyakan orang tidak pergi ke dokter dan memilih melakukan pengobatan rumahan. Pengobatan rhinofaringitis didasarkan pada kuman penyebabnya. Apabila disebabkan oleh virus, pengobatannya hanya bersifat suportif atau menanggulangi gejalanya saja. Salah satunya dengan pemberian obat penurun panas, seperti paracetamol. ","Akan tetapi, segeralah temui dokter jika: Gejala yang dirasakan semakin serius, Gejala tidak hilang dalam 7-10 hari, Ada pembengkakan kelenjar getah bening di leher, Ada nanah atau bercak putih di tenggorokan, Terdapat darah pada ludah atau dahak."
46,Sakit Tenggorokan,https://www.klikdokter.com/penyakit/masalah-tht/sakit-tenggorokan,"Sakit tenggorokan merupakan salah satu keluhan yang sering dialami oleh banyak orang pada berbagai rentang usia –mulai dari anak-anak, orang dewasa, hingga lansia. Sakit tenggorokan bukanlah suatu penyakit, melainkan gejala dari berbagai penyakit.",,,
47,Shigellosis,https://www.klikdokter.com/penyakit/masalah-infeksi/shigellosis,"Shigellosis merupakan penyakit pada usus yang disebabkan oleh kelompok bakteri yang dikenal dengan nama Shigella. Umumnya, kondisi ini ditandai dengan adanya gejala diare, yang sering kali disertai darah.",,Infeksi shigellosis umumnya berlangsung selama 5–7 hari. Menggantikan cairan tubuh yang hilang akibat diare merupakan salah satu elemen penting dari penanganan masalah.,Anak-anak dan orang dewasa yang mengalami dehidrasi berat butuh dirawat di ruang darurat. Hal ini diperlukan agar petugas kesehatan dapat secara intensif memberikan cairan pengganti melalui pembuluh darah vena. Cairan pengganti melalui infus dapat memberikan air dan nutrisi esensial bagi tubuh dengan lebih cepat dibandingkan cairan rehidrasi oral.
