links,links-href,Deskripsi_Penyakit
Abses Anus,https://www.klikdokter.com/penyakit/masalah-pencernaan/abses-anus,"Abses anus merupakan kondisi di mana terdapat pengumpulan pus atau nanah di sekitar anus, yang disertai rasa nyeri."
Aktinik Keratosis,https://www.klikdokter.com/penyakit/masalah-kulit/aktinik-keratosis,Aktinik keratosis merupakan kondisi di mana terdapat plak yang kasar dan bersisik pada kulit
Alopecia Areata,https://www.klikdokter.com/penyakit/masalah-kulit/alopecia-areata,Alopecia areata merupakan salah satu jenis kebotakan yang cukup sering terjadi. Penyakit ini menyebabkan rambut rontok di satu area
Anemia,https://www.klikdokter.com/penyakit/gangguan-darah/anemia,Kurangnya jumlah sel darah merah dapat menyebabkan anemia. Apa penyebab dan gejala anemia? Kita simak penjelasan lengkapnya di sini.
Asam Urat,https://www.klikdokter.com/penyakit/masalah-otot-dan-sendi/asam-urat,"Asam urat (gout) adalah suatu gangguan metabolisme asam urat di dalam tubuh. Ini gejala, penyebab dan cara mengobati asam urat."
Aspergilosis,https://www.klikdokter.com/penyakit/masalah-infeksi/aspergilosis,Aspergilosis adalah istilah yang digunakan untuk menggambarkan sekumpulan penyakit yang disebabkan oleh infeksi Aspergillus.
Bakteremia,https://www.klikdokter.com/penyakit/masalah-infeksi/bakteremia,Bakteremia atau septicemia adalah infeksi serius pada peredaran darah.
Barotrauma,https://www.klikdokter.com/penyakit/masalah-tht/barotrauma,Barotrauma merupakan kerusakan telinga akibat perbedaan tekanan telinga dengan tekanan udara luar.
Batu Empedu,https://www.klikdokter.com/penyakit/masalah-pencernaan/batu-empedu,Penyakit batu empedu atau kolelitiasis adalah kondisi yang terjadi akibat adanya endapan pada kandung atau saluran empedu. Cek informasinya di sini.
Bedbugs,https://www.klikdokter.com/penyakit/masalah-kulit/bedbugs,Bedbugs (Cimex lectularis) adalah serangga parasitik. Serangga ini berwarna merah-coklat dan berukuran 1–7mm.
Biang Keringat,https://www.klikdokter.com/penyakit/masalah-kulit/biang-keringat,"Biang keringat, atau miliaria, adalah kelainan kulit yang sering muncul, khususnya di negara tropis."
Biduran,https://www.klikdokter.com/penyakit/masalah-kulit/biduran,"Penyakit biduran (urtikaria) adalah reaksi pada kulit yang menyebabkan munculnya bentol merah. Berikut gejala, penyebab, dan pengobatannya."
Bintitan,https://www.klikdokter.com/penyakit/masalah-mata/bintitan,"Definisi bintitan, atau dalam dunia medis dikenal dengan istilah hordeolum, adalah benjolan nyeri di kelopak mata (atas ataupun bawah)."
Bisul,https://www.klikdokter.com/penyakit/masalah-infeksi/bisul,Bisul (furunkel) adalah infeksi bakteri yang memicu peradangan di dalam folikel rambut (lubang tempat rambut tumbuh).
Blefaritis,https://www.klikdokter.com/penyakit/masalah-mata/blefaritis,Blefaritis adalah peradangan yang terjadi pada kelopak mata dan menyebabkan kelopak mata menjadi bengkak serta memerah
Botak,https://www.klikdokter.com/penyakit/masalah-kulit/botak,Botak atau kebotakan dikenal dengan sebutan alopecia dalam dunia medis.
Cacar Air,https://www.klikdokter.com/penyakit/masalah-kulit/cacar-air,"Cacar air adalah penyakit infeksi yang disebabkan oleh virus varisela zoster. Ketahui penyebab, gejala, dan pengobatan cacar air di sini."
Cacing Kremi,https://www.klikdokter.com/penyakit/masalah-infeksi/cacing-kremi,Cacing kremi adalah cacing jenis nematode berukuran 2–13 mm yang dapat menginfeksi saluran pencernaan manusia.
Cacingan,https://www.klikdokter.com/penyakit/masalah-pencernaan/cacingan,"Penyakit cacingan merujuk pada infeksi cacing dalam tubuh manusia. Mari ketahui penyebab, gejala, dan pengobatan cacingan berikut."
Campak,https://www.klikdokter.com/penyakit/masalah-kulit/campak,"Campak adalah infeksi yang disebabkan oleh virus. Gejala campak berupa ruam merah pada seluruh tubuh yang disertai demam, batuk, dan pilek."
Campak Jerman,https://www.klikdokter.com/penyakit/masalah-infeksi/campak-jerman,"Campak Jerman, atau dikenal pula dengan nama rubella, merupakan penyakit akibat infeksi virus rubella."
Candidiasis,https://www.klikdokter.com/penyakit/masalah-infeksi/candidiasis,Candidiasis vaginalis merupakan masalah kesehatan yang sering terjadi pada wanita.
Chikungunya,https://www.klikdokter.com/penyakit/masalah-infeksi/chikungunya,Chikungunya adalah penyakit virus yang ditularkan melalui gigitan nyamuk jenis Aedes.
Crohn's Disease,https://www.klikdokter.com/penyakit/masalah-pencernaan/crohn-disease,Crohn’s disease atau penyakit crohn adalah kondisi gangguan kesehatan kronis yang disebabkan oleh peradangan pada lapisan sistem pencernaan.
Cytomegalovirus,https://www.klikdokter.com/penyakit/masalah-infeksi/cytomegalovirus,Cytomegalovirus merupakan suatu jenis virus yang umum menginfeksi manusia. Cytomegalovirus juga dikenal dengan sebutan CMV
Darah Kental,https://www.klikdokter.com/penyakit/gangguan-darah/darah-kental,"Darah kental atau polisitemia adalah peningkatan jumlah sel darah (sel darah merah, sel darah putih, keping darah) di atas jumlah normal."
Defisiensi Antitrombin,https://www.klikdokter.com/penyakit/gangguan-darah/defisiensi-antitrombin,Defisiensi antitrombin merupakan suatu kondisi ketika kadar antitrombin dalam darah tergolong rendah.
Demam,https://www.klikdokter.com/penyakit/masalah-kesehatan-umum/demam,"Demam adalah kondisi meningkatnya suhu tubuh di atas rata-rata suhu harian. Ketahui penyebab, gejala, dan dan cara mengobati demam di sini."
Demam Berdarah Dengue,https://www.klikdokter.com/penyakit/masalah-infeksi/demam-berdarah-dengue,"Demam berdarah dengue (DBD) adalah penyakit yang disebabkan oleh infeksi virus Dengue. Berikut gejala, penyebab, dan pengobatannya."
Demam Kelenjar,https://www.klikdokter.com/penyakit/masalah-infeksi/demam-kelenjar,Demam kelenjar adalah infeksi yang disebabkan oleh virus Epstein-Barr (EBV).
Demam Kuning,https://www.klikdokter.com/penyakit/masalah-infeksi/demam-kuning,Demam kuning atau yellow fever adalah penyakit akut yang disebabkan oleh virus dan disebarkan oleh nyamuk.
Demam Pada Anak,https://www.klikdokter.com/penyakit/masalah-kesehatan-umum/demam-pada-anak,Demam pada anak adalah peningkatan suhu tubuh anak yang di atas normal.
Dermatitis Atopik,https://www.klikdokter.com/penyakit/masalah-kulit/dermatitis-atopik,"Dermatitis atopik adalah salah satu kondisi peradangan pada kulit, yang ditandai dengan ruam merah, gatal, kering, dan pecah-pecah. Begini cara pengobatannya."
Dermatitis Kontak,https://www.klikdokter.com/penyakit/masalah-kulit/dermatitis-kontak,Dermatitis kontak merupakan kondisi yang ditandai dengan adanya ruam merah dan gatal akibat kontak langsung dengan suatu benda.
Dermatitis Seboroik,https://www.klikdokter.com/penyakit/masalah-kulit/dermatitis-seboroik,"Dermatitis seboroik adalah penyakit kulit kronis berupa kulit yang kering, mengelupas, dan merah."
Diare,https://www.klikdokter.com/penyakit/masalah-pencernaan/diare,"Diare adalah kondisi feses encer atau berair dengan frekuensi lebih sering dari biasanya. Apa itu diare, penyebab, gejala, dan pengobatannya"
Difteri,https://www.klikdokter.com/penyakit/masalah-infeksi/difteri,Difteri merupakan penyakit infeksi akut yang sangat menular dan bisa mengancam nyawa jika tidak segera ditangani.
Disentri,https://www.klikdokter.com/penyakit/masalah-infeksi/disentri,Disentri merupakan diare yang disertai darah atau lendir akibat adanya peradangan atau infeksi pada usus.
Disfagia,https://www.klikdokter.com/penyakit/masalah-kesehatan-umum/disfagia,Disfagia adalah suatu kondisi saat Anda membutuhkan waktu dan usaha lebih untuk menggerakkan makanan atau cairan dari mulut menuju lambung.
Dispepsia,https://www.klikdokter.com/penyakit/masalah-pencernaan/dispepsia,Nyeri ulu hati atau dispepsia merupakan gangguan yang terjadi di daerah perut bagian tengah.
Distonia,https://www.klikdokter.com/penyakit/masalah-otot-dan-sendi/distonia,"Distonia merupakan kelainan pergerakan, yaitu ketika otot mengalami kontraksi yang tidak diinginkan lalu menyebabkan gerakan repetitif."
E. coli,https://www.klikdokter.com/penyakit/masalah-infeksi/e-coli,Escherichia coli atau E. coli adalah salah satu jenis bakteri yang dapat ditemukan dalam saluran pencernaan manusia dan hewan.
Enterobiasis,https://www.klikdokter.com/penyakit/masalah-infeksi/enterobiasis,Penyakit enterobiasis merupakan salah satu jenis penyakit cacingan.
Faringitis,https://www.klikdokter.com/penyakit/masalah-tht/faringitis,Faringitis adalah istilah medis untuk infeksi atau iritasi pada daerah faring (tenggorokan).
Fibromyalgia,https://www.klikdokter.com/penyakit/masalah-otot-dan-sendi/fibromyalgia,"Fibromyalgia atau nyeri otot adalah suatu sindrom yang menyebabkan rasa nyeri dan kaku pada bagian otot, tendon, dan sendi seluruh tubuh."
Filariasis,https://www.klikdokter.com/penyakit/masalah-infeksi/filariasis,Filariasis merupakan infeksi menular yang disebabkan oleh cacing filaria.
Flek Hitam,https://www.klikdokter.com/penyakit/masalah-kulit/flek-hitam,Flek Hitam adalah penumpukan pigmen kulit (melanin) pada kulit.
Flu Perut,https://www.klikdokter.com/penyakit/masalah-pencernaan/flu-perut,"Flu perut (gastroenteritis) adalah istilah untuk berbagai gejala akibat peradangan saluran cerna. Ini penyebab, gejala, dan pengobatannya."
Flu Tulang,https://www.klikdokter.com/penyakit/masalah-infeksi/flu-tulang,"Flu tulang adalah istilah yang sering digunakan untuk menjelaskan mengenai penyakit Chikungunya. Ini penyebab, gejala, dan pengobatannya"
Gangguan Elektrolit,https://www.klikdokter.com/penyakit/gangguan-darah/gangguan-elektrolit,Gangguan elektrolit adalah kondisi ketika salah satu atau beberapa jenis elektrolit jumlahnya lebih rendah atau berlebihan dari kadar normal. Apa penyebabnya?
Gangguan Pencernaan,https://www.klikdokter.com/penyakit/masalah-pencernaan/gangguan-pencernaan,"Gangguan pencernaan adalah gangguan dari sistem pencernaan yang mencakup mulut, kerongkongan, lambung, usus kecil, usus besar, dan anus."
Gangguan Sendi Rahang,https://www.klikdokter.com/penyakit/masalah-otot-dan-sendi/gangguan-sendi-rahang,Gangguan sendi rahang merupakan gangguan yang langsung berada di area depan telinga pada kedua sisi kepala
Gastroenteritis (Muntaber),https://www.klikdokter.com/penyakit/masalah-pencernaan/gastroenteritis,Gastroenteritis merupakan penyakit infeksi pada saluran pencernaan yang ditandai dengan muntah dan/ atau diare. Umumnya bisa sembuh 2-3 hari
Gastroparesis,https://www.klikdokter.com/penyakit/masalah-pencernaan/gastroparesis,Gastroparesis merupakan kelainan di lambung yang ditandai dengan lambatnya pengosongan makanan dari lambung ke usus halus.
Gerd,https://www.klikdokter.com/penyakit/masalah-pencernaan/gerd,"Gastroesophageal reflux disease atau GERD adalah penyakit kronis pada sistem pencernaan. Apa itu GERD, penyebab, gejala, dan pengobatannya"
Giardiasis,https://www.klikdokter.com/penyakit/masalah-infeksi/giardiasis,Giardiasis adalah penyakit yang menyerang saluran pencernaan berupa infeksi usus halus. Penyakit ini biasanya akan hilang beberapa minggu
Hemofilia,https://www.klikdokter.com/penyakit/gangguan-darah/hemofilia,Hemofilia adalah kondisi tubuh kekurangan protein yang dibutuhkan dalam proses pembekuan darah apabila terjadi perdarahan. Apa gejalanya? Simak di sini.
Herpes Zoster,https://www.klikdokter.com/penyakit/masalah-kulit/herpes-zoster,Herpes zoster adalah penyakit infeksi yang menimbulkan bintik berair di kulit. Kondisi ini bisa amat mengganggu karena nyeri yang dirasakan.
Hipersomnia,https://www.klikdokter.com/penyakit/masalah-tidur/hipersomnia,"Hipersomnia merupakan gangguan tidur yang cukup jarang, yang dapat menyebabkan rasa kantuk berlebih pada siang hari."
Hipoalbuminemia,https://www.klikdokter.com/penyakit/gangguan-darah/hipoalbuminemia,Hipoalbuminemia merupakan suatu kondisi di mana tubuh kekurangan albumin di dalam darah
Impetigo,https://www.klikdokter.com/penyakit/masalah-kulit/impetigo,Impetigo adalah penyakit infeksi kulit yang banyak dijumpai pada anak dan balita. Apa penyebab dan gejala impetigo? Simak di sini.
Infeksi Cacing Tambang,https://www.klikdokter.com/penyakit/masalah-infeksi/infeksi-cacing-tambang,"Infeksi cacing tambang banyak dijumpai di Indonesia, karena mudah berkembang biak di tanah yang lembap dan iklim yang tropis."
Infeksi Helicobacter Pylori,https://www.klikdokter.com/penyakit/masalah-infeksi/infeksi-helicobacter-pylori,Infeksi Helicobacter pylori adalah penyakit yang disebabkan oleh bakteri Helicobacter pylori. Bagaimana cara mengobati Infeksi Helicobacter pylori?
Infeksi Jamur,https://www.klikdokter.com/penyakit/masalah-infeksi/infeksi-jamur,Infeksi jamur di kulit umumnya dialami oleh orang-orang yang mudah berkeringat dan tinggal di cuaca yang lembab.
Infeksi Kulit,https://www.klikdokter.com/penyakit/masalah-kulit/infeksi-kulit,Infeksi kulit pada dasarnya merupakan kondisi peradangan kulit akibat kuman yang masuk ke dalam lapisan-lapisan kulit.
Infeksi Payudara,https://www.klikdokter.com/penyakit/masalah-infeksi/infeksi-payudara,Infeksi payudara merupakan peradangan yang terjadi di payudara akibat infeksi kuman.
Infeksi virus,https://www.klikdokter.com/penyakit/masalah-infeksi/infeksi-virus,Infeksi virus merupakan penyakit infeksi yang disebabkan oleh masuknya virus ke dalam tubuh manusia.
Inkontinensia Alvi,https://www.klikdokter.com/penyakit/masalah-pencernaan/inkontinensia-alvi,Inkontinensia alvi dikenal juga dengan nama inkontinensia feses. Istilah ini menggambarkan ketidakmampuan seseorang dalam mengontrol BAB
Insomnia,https://www.klikdokter.com/penyakit/masalah-tidur/insomnia,"Insomnia (susah tidur) adalah gangguan yang ditandai kesulitan untuk memulai atau menjaga tidur. Ini penyebab, gejala, pengobatan insomnia."
Intoleransi Gluten,https://www.klikdokter.com/penyakit/masalah-pencernaan/intoleransi-gluten,Intoleransi gluten memang bukan kondisi yang umum. Beberapa orang menyamakan kondisi ini dengan alergi.
Intoleransi Laktosa,https://www.klikdokter.com/penyakit/masalah-pencernaan/intoleransi-laktosa,Intolerasi laktosa merupakan suatu kondisi di mana tubuh tidak lagi mampu mencerna laktosa.
Irritable Bowel Syndrome,https://www.klikdokter.com/penyakit/masalah-pencernaan/irritable-bowel-syndrome,Irritable bowel syndrome (IBS) merupakan gangguan saluran pencernaan menahun yang biasanya menyerang usus besar.
Jamur Kuku,https://www.klikdokter.com/penyakit/masalah-kulit/jamur-kuku,"Jamur kuku, atau juga dikenal dengan istilah kesehatan onikomikosis, merupakan suatu kelainan yang dapat terjadi baik pada kuku jari tangan"
Jamur Kulit,https://www.klikdokter.com/penyakit/masalah-kulit/jamur-kulit,"Jamur kulit adalah istilah yang sering digunakan untuk infeksi jamur pada kulit. Keadaan normal, jamur tertentu ditemukan di kulit manusia"
Jerawat,https://www.klikdokter.com/penyakit/masalah-kulit/jerawat,Jerawat (acne) adalah gangguan pada kulit yang berhubungan dengan produksi minyak (sebum) berlebih.
Jet Lag,https://www.klikdokter.com/penyakit/masalah-tidur/jet-lag,"Jet lag sebenarnya bukanlah suatu penyakit, melainkan respons tubuh yang wajar ketika seseorang mengalami perubahan zona waktu yang ekstrem."
Kalazion,https://www.klikdokter.com/penyakit/masalah-mata/kalazion,Kalazion merupakan kelainan mata yang ditandai dengan adanya benjolan pada kelopak mata.
Kandidosis,https://www.klikdokter.com/penyakit/masalah-infeksi/kandidosis,Kandidiasis adalah infeksi jamur yang bersifat akut. Infeksi biasanya pada vagina atau vulva (bagian paling luar dari organ intim wanita).
Kapalan,https://www.klikdokter.com/penyakit/masalah-kulit/kapalan,"Kapalan, atau dikenal pula dengan istilah kesehatan callus, merupakan suatu kondisi yang ditandai dengan adanya lapisan tebal dan keras pada"
Katarak,https://www.klikdokter.com/penyakit/masalah-mata/katarak,"Katarak atau kekeruhan lensa merupakan kondisi terjadinya kekeruhan pada organ mata, yaitu lensa mata."
Kebotakan,https://www.klikdokter.com/penyakit/masalah-kulit/kebotakan,Kebotakan atau alopesia adalah kerontokan rambut yang dapat disebabkan oleh berbagai faktor.
Kejang Demam,https://www.klikdokter.com/penyakit/masalah-kesehatan-umum/kejang-demam,Kejang demam alias step biasanya terjadi pada bayi dan balita yang dipicu demam. Apa penyebab dan bagaimana pengobatannya? Simak di sini.
Kelainan Darah,https://www.klikdokter.com/penyakit/gangguan-darah/kelainan-darah,Blood disorders atau kelainan darah adalah kondisi ketika komponen penyusun darah tidak bisa berfungsi normal. Bagaimana cara mengobati kelainan darah?
Keloid,https://www.klikdokter.com/penyakit/masalah-kulit/keloid,"Penyakit Keloid, saat bagian tubuh manusia mengalami luka atau cedera pada kulit, akan terjadi pembentukan jaringan fibrosa"
Keracunan Makanan,https://www.klikdokter.com/penyakit/masalah-pencernaan/keracunan-makanan,Keracunan makanan merupakan salah satu gangguan kesehatan yang cukup sering terjadi di Indonesia. Kendati tidak ada data pasti
Keratitis,https://www.klikdokter.com/penyakit/masalah-mata/keratitis,Keratitis adalah peradangan pada kornea mata.
Keratosis Pilaris,https://www.klikdokter.com/penyakit/masalah-kulit/keratosis-pilaris,Keratosis pilaris atau 'kulit ayam' adalah kelainan kulit di mana terdapat benjolan-benjolan yang terasa kasar. Apa penyebab dan gejala keratosis pilaris?
Keratosis Seboroik,https://www.klikdokter.com/penyakit/masalah-kulit/keratosis-seboroik,"Keratosis seboroik adalah jenis tumor epidermal yang kerap tumbuh di dada, wajah, bahu, dan punggung. Apa itu keratosis seboroik? Cek lengkapnya di sini."
Keriput,https://www.klikdokter.com/penyakit/masalah-kulit/keriput,Keriput adalah salah satu proses penuaan yang normal terjadi pada semua orang. Keriput dapat terjadi pada seluruh kulit pada tubuh.
Ketombe,https://www.klikdokter.com/penyakit/masalah-kulit/ketombe,"Ketombe atau dandruff berasal dari bahasa Anglo-saxon, yang merupakan gabungan kata yang berarti tetter, yaitu penyakit kulit"
Kista Epidermoid,https://www.klikdokter.com/penyakit/masalah-kulit/kista-epidermoid,"Kista epidermoid, kadang disebut juga kista sebasea, merupakan kantung berisi cairan yang tumbuh di bawah kulit."
Kista Ganglion,https://www.klikdokter.com/penyakit/masalah-otot-dan-sendi/kista-ganglion,Kista ganglion dalah benjolan yang sering muncul di sekitar sendi dan urat pada tangan dan kaki.
Koagulasi Intravaskuler Diseminata,https://www.klikdokter.com/penyakit/gangguan-darah/koagulasi-intravaskuler-diseminata,Koagulasi intravaskuler diseminata adalah kondisi gangguan aliran darah yang ditandai dengan pengental.an darah yang berlebihan
Kolera,https://www.klikdokter.com/penyakit/masalah-infeksi/kolera,Kolera merupakan penyakit akibat infeksi usus kecil yang disebabkan oleh bakteri Vibrio cholerae
Kolitis Ulseratif,https://www.klikdokter.com/penyakit/masalah-pencernaan/kolitis-ulseratif,Kolitis ulseratif merupakan salah satu jenis penyakit radang usus yang dapat menyebabkan peradangan jangka panjang.
Komedo,https://www.klikdokter.com/penyakit/masalah-kulit/komedo,Komedo pada dasarnya terbentuk akibat sumbatan pori-pori kulit.
Komedo Putih,https://www.klikdokter.com/penyakit/masalah-kulit/komedo-putih,Komedo putih terjadi akibat sumbatan pori kulit oleh kelebihan minyak.
Konjungtivitis,https://www.klikdokter.com/penyakit/masalah-mata/konjungtivitis,Konjungtivitis adalah suatu kondisi di mana terjadi peradangan pada salah satu bagian mata yang disebut konjungtiva
Konstipasi,https://www.klikdokter.com/penyakit/masalah-pencernaan/konstipasi,Konstipasi merupakan kondisi di mana buang air besar terjadi kurang dari tiga kali dalam satu minggu.
Kontraktur,https://www.klikdokter.com/penyakit/masalah-otot-dan-sendi/kontraktur,"Kontraktur adalah kekakuan jaringan tubuh yang seharusnya bersifat fleksibel. Kontraktur bisa terjadi di otot, tendon, ligamen, dan kulit."
Kram Otot,https://www.klikdokter.com/penyakit/masalah-otot-dan-sendi/kram-otot,"Kram otot terjadi apabila seseorang mengalami kontraksi otot tiba-tiba, tidak segera mereda dan terasa sangat nyeri."
Kudis,https://www.klikdokter.com/penyakit/masalah-kulit/kudis,Kudis dalam bahasa medis dikenal dengan istilah scabies. Ini adalah penyakit kulit yang disebabkan oleh tungau (mite) Sarcoptes scabei.
Kurap,https://www.klikdokter.com/penyakit/masalah-kulit/kurap,"Kurap adalah infeksi kulit yang ditandai oleh radang maupun luka pada kulit. Berikut jenis, gejala, penyebab, dan pengobatan kurap."
Kutil,https://www.klikdokter.com/penyakit/masalah-kulit/kutil,Kutil merupakan tonjolan pada kulit sebagai hasil penebalan lapisan luar kulit yang berlebihan.
Kutil Kelamin,https://www.klikdokter.com/penyakit/masalah-kulit/kutil-kelamin,Kutil kelamin merupakan penyakit kulit yang ditandai dengan munculnya semacam daging berwarna kemerahan atau kehitaman di daerah kemaluan.
Kutu Rambut,https://www.klikdokter.com/penyakit/masalah-kulit/kutu-rambut,Infeksi kutu rambut disebabkan oleh parasit jenis Pediculus humanus capitis.
Laringitis,https://www.klikdokter.com/penyakit/masalah-tht/laringitis,Laringitis adalah suatu kondisi dimana terjadi peradangan (iritasi) pada organ laring (kotak suara).
Lentigo,https://www.klikdokter.com/penyakit/masalah-kulit/lentigo,"Seiring dengan bertambahnya usia, akan timbul bercak hitam atau kecokelatan pada kulit setiap orang."
Leukoplakia,https://www.klikdokter.com/penyakit/gangguan-darah/leukoplakia,Leukoplakia adalah plak atau bercak berwarna putih yang ditemukan pada mulut. Apa penyebab leukoplakia dan bagaimana cara mengobatinya? Cek di sini.
Leukositosis,https://www.klikdokter.com/penyakit/gangguan-darah/leukositosis,Leukositosis merupakan suatu kondisi tubuh yang ditandai dengan peningkatan leukosit (sel darah putih) di dalam darah.
Listeriosis,https://www.klikdokter.com/penyakit/masalah-infeksi/listeriosis,Infeksi listeria juga dikenal dengan sebutan listeriosis. Kondisi ini disebabkan oleh bakteri yang disebut Listeria monocytogenes.
Luka Bakar,https://www.klikdokter.com/penyakit/masalah-kulit/luka-bakar,Luka bakar merupakan kondisi yang timbul akibat pajanan panas suhu sedang – tinggi terhadap kulit tubuh.
Malabsorbsi Makanan,https://www.klikdokter.com/penyakit/masalah-pencernaan/malabsorbsi-makanan,Sindrom malabsorbsi makanan terjadi ketika usus halus mengalami gangguan dalam menyerap cairan dan nutrisi secara memadai.
Malaria,https://www.klikdokter.com/penyakit/masalah-infeksi/malaria,"Malaria adalah penyakit menular yang disebarkan melalui gigitan nyamuk. Biasanya pasien akan mengeluhkan gejala demam, lemas, dan menggigil."
Masuk Angin,https://www.klikdokter.com/penyakit/masalah-kesehatan-umum/masuk-angin,"Masuk angin adalah istilah yang sering digunakan saat merasakan gejala tidak enak badan. Ini penyebab, gejala, dan pengobatannya."
Mata Ikan,https://www.klikdokter.com/penyakit/masalah-kulit/mata-ikan,Mata ikan adalah kondisi penebalan kulit akibat adanya gesekan yang berulang. Bagaimana cara menghilangkan mata ikan? Simak penjelasannya di sini.
Mata Kering,https://www.klikdokter.com/penyakit/masalah-mata/mata-kering,Mata kering adalah suatu gangguan pada permukaan mata yang ditandai dengan ketidakstabilan produksi dari lapisan air mata.
Melasma,https://www.klikdokter.com/penyakit/masalah-kulit/melasma,"Melasma merupakan istilah yang digunakan untuk menggambarkan kondisi kulit, di mana terbentuk pigmentasi berwarna cokelat muda hingga tua"
Milia,https://www.klikdokter.com/penyakit/masalah-kulit/milia,Milia adalah penyakit kulit di mana timbul kelompok bintik-bintik putih kecil. Kondisi ini sering muncul pada hidung dan pipi.
Mimisan,https://www.klikdokter.com/penyakit/masalah-tht/mimisan,Mimisan atau epistaksis adalah perdarahan yang mengalir keluar dari rongga hidung atau nasofaring.
Mononukleosis,https://www.klikdokter.com/penyakit/masalah-infeksi/mononukleosis,Mononukleosis atau mono adalah penyakit yang disebabkan oleh infeksi virus Epstein-Barr (EBV). Virus ini disebarkan melalui air liur.
MRSA,https://www.klikdokter.com/penyakit/masalah-infeksi/mrsa,Methicillin-resistant Staphylococcus aureus (MRSA) merupakan jenis bakteri yang resisten atau kebal terhadap berbagai jenis antibiotik.
Muntah Darah,https://www.klikdokter.com/penyakit/masalah-pencernaan/muntah-darah,Muntah darah merupakan kondisi ditemukannya darah dalam jumlah yang signifikan dalam muntahan.
Myasthenia Gravis,https://www.klikdokter.com/penyakit/masalah-otot-dan-sendi/myasthenia-gravis,Myasthenia gravis merupakan jenis penyakit autoimun yang menyerang persambungan antara saraf dengan otot
Nyeri Otot,https://www.klikdokter.com/penyakit/masalah-otot-dan-sendi/nyeri-otot,Nyeri otot atau myalgia adalah rasa nyeri yang terjadi pada bagian otot.
Nyeri Panggul,https://www.klikdokter.com/penyakit/masalah-otot-dan-sendi/nyeri-panggul,Nyeri panggul merupakan salah satu gejala umum yang dirasakan oleh orang dewasa yang menderita osteoartritis.
Nyeri Pergelangan Tangan,https://www.klikdokter.com/penyakit/masalah-otot-dan-sendi/nyeri-pergelangan-tangan,"Nyeri pergelangan tangan sebenarnya bukanlah penyakit, melainkan gejala dari beberapa penyakit."
Nyeri Punggung,https://www.klikdokter.com/penyakit/masalah-otot-dan-sendi/nyeri-punggung,Nyeri punggung adalah gejala yang sering dirasakan orang dewasa hingga lanjut usia. Kamu juga? Cek penyebab dan pengobatan Nyeri punggung di sini.
Nyeri Punggung Bawah,https://www.klikdokter.com/penyakit/masalah-otot-dan-sendi/nyeri-punggung-bawah,Nyeri punggung bawah adalah kondisi ketika punggung bagian belakang terasa sangat nyeri hingga menghambat aktivitas. Apa penyebab Nyeri punggung bawah?
Nyeri Sendi,https://www.klikdokter.com/penyakit/masalah-otot-dan-sendi/nyeri-sendi,"Nyeri sendi atau rematik merupakan gangguan nyeri pada persendian tubuh, yang diakibatkan oleh peradangan."
Nyeri Tumit,https://www.klikdokter.com/penyakit/masalah-otot-dan-sendi/nyeri-tumit,"Nyeri tumit adalah rasa sakit yang umumnya dirasakan pada bagian belakang dan bawah kaki, yang disebut sebagai tumit. Bagaimana cara mengobati nyeri tumit? Cek di sini."
Paget Puting Susu,https://www.klikdokter.com/penyakit/gangguan-darah/paget-puting-susu,Paget puting susu atau penyakit paget pada payudara adalah penyakit kanker langka yang terjadi di kulit sekitar puting susu & areola puting
Panu,https://www.klikdokter.com/penyakit/masalah-kulit/panu,Panu adalah infeksi pada kulit yang ditandai dengan munculnya bercak putih hingga cokelat yang bersisik halus.
Penyakit Ambeien Atau Wasir,https://www.klikdokter.com/penyakit/masalah-pencernaan/ambeien,"Ambeien atau Wasir dalam bahasa medis disebut hemoroid, merupakan suatu kondisi dimana terjadi pelebaran dari pembuluh darah."
Penyakit Asam Lambung,https://www.klikdokter.com/penyakit/masalah-pencernaan/penyakit-asam-lambung,"Penyakit asam lambung dikenal juga dengan istilah sakit mag, indigestion, atau dispepsia. Mag merupakan nyeri yang berasal dari lambung"
Penyakit Cacar Monyet (Monkeypox),https://www.klikdokter.com/penyakit/masalah-infeksi/cacar-monyet,"Cacar monyet atau monkeypox merupakan penyakit infeksi yang disebabkan oleh Monkeypox virus (MPXV). Ini penyebab, gejala, dan pengobatannya."
Penyakit Celiac,https://www.klikdokter.com/penyakit/masalah-pencernaan/penyakit-celiac,Penyakit celiac adalah penyakit saluran pencernaan yang disebabkan oleh reaksi sistem imunitas yang tidak normal terhadap gluten.
Penyakit Coxsackie,https://www.klikdokter.com/penyakit/masalah-infeksi/penyakit-coxsackie,"Coxsackie adalah jenis penyakit yang disebabkan oleh virus Coxsackie, yang merupakan jenis RNA Virus."
Penyakit Kuning,https://www.klikdokter.com/penyakit/masalah-pencernaan/penyakit-kuning,Penyakit kuning terjadi akibat penumpukan bilirubin di darah dan jaringan tubuh lainnya.
Penyakit Lyme,https://www.klikdokter.com/penyakit/masalah-infeksi/penyakit-lyme,Penyakit lyme adalah penyakit yang disebabkan oleh infeksi bakteri yang disebarkan oleh gigitan kutu yang terinfeksi.
Penyakit Maag,https://www.klikdokter.com/penyakit/masalah-pencernaan/mag,"Awas, penyakit mag bisa mengganggu. Ini penyebab, gejala, diagnosis, cara pengobatan, dan obat mag yang bisa dikonsumsi untuk meredakannya."
Penyakit Tipes,https://www.klikdokter.com/penyakit/masalah-pencernaan/penyakit-tipes,"Tipes atau disebut Demam tifoid adalah penyakit yang disebabkan oleh infeksi bakteri Salmonella typhi. Ini penyebab, gejala, dan pengobatannya."
Penyakit Whipple,https://www.klikdokter.com/penyakit/masalah-infeksi/penyakit-whipple,Penyakit Whipple merupakan penyakit yang disebabkan oleh infeksi bakteri. Penyakit ini cukup langka dan jarang terjadi.
Pergelangan Kaki Terkilir,https://www.klikdokter.com/penyakit/masalah-otot-dan-sendi/pergelangan-kaki-terkilir,Pergelangan kaki terkilir atau sprain ankle terjadi karena adanya cedera pada ligamen.
Perut Kembung,https://www.klikdokter.com/penyakit/masalah-pencernaan/perut-kembung,Kembung adalah gejala yang menunjukkan adanya udara atau gas dalam rongga abdomen atau usus.
Plantar Fasciitis,https://www.klikdokter.com/penyakit/masalah-otot-dan-sendi/plantar-fasciitis,Plantar fasciitis adalah kondisi peradangan fascia yang ada di telapak kaki.
Polip Hidung,https://www.klikdokter.com/penyakit/masalah-tht/polip-hidung,Polip hidung adalah pertumbuhan jinak pada bagian mukosa hidung. Kondisi ini sering kali merupakan akibat dari kondisi alergi dan peradangan. Berikut penjelasannya.
Porfiria,https://www.klikdokter.com/penyakit/gangguan-darah/porfiria,Istilah porfiria digunakan untuk menggambarkan kelompok kelainan yang disebabkan penumpukan porfirin atau bahan kimia alami.
Proctalgia Fugax,https://www.klikdokter.com/penyakit/masalah-pencernaan/proctalgia-fugax,"Proctalgia fugax merupakan rasa nyeri yang terjadi akibat spasme otot di sekitar anus, di mana hal ini terjadi tanpa sebab yang jelas."
Pruritus,https://www.klikdokter.com/penyakit/masalah-kesehatan-umum/pruritus,Pruritus merupakan istilah medis yang digunakan untuk menggambarkan keluhan gatal di kulit
Psoriasis,https://www.klikdokter.com/penyakit/masalah-kulit/psoriasis,Psoriasis adalah penyakit peradangan kronis pada kulit. Bagaimana cara mengobati psoriasis? Simak penjelasannya di sini.
Pterygium,https://www.klikdokter.com/penyakit/masalah-mata/pterygium,Pterigium merupakan kondisi di mana terdapat pertumbuhan pada konjungtiva yang dapat mencapai kornea.
Rabun Dekat,https://www.klikdokter.com/penyakit/masalah-mata/rabun-dekat,Rabun dekat adalah gangguan penglihatan dalam jarak yang dekat sehingga penderita mengalami penglihatan buram ketika melihat dekat.
Rabun Jauh,https://www.klikdokter.com/penyakit/masalah-mata/rabun-jauh,Rabun jauh atau miopia adalah gangguan penglihatan dalam jarak yang jauh.
Rabun Senja,https://www.klikdokter.com/penyakit/masalah-mata/rabun-senja,Rabun senja merupakan suatu kondisi di mana terjadi penurunan tajam penglihatan secara signifikan ketika berada dalam lingkungan gelap.
Radang Amandel,https://www.klikdokter.com/penyakit/masalah-tht/radang-amandel,Radang amandel atau tonsilitis adalah kondisi peradangan akibat infeksi pada tonsil (amandel). Bagaimana cara mengatasi radang amandel? Simak di sini.
Radang Sendi,https://www.klikdokter.com/penyakit/masalah-otot-dan-sendi/radang-sendi,"Radang sendi atau artritis, merupakan nyeri di daerah persedian akibat peradangan yang terjadi di celah sendi atau jaringan sekeliling sendi"
Radang Tenggorokan,https://www.klikdokter.com/penyakit/masalah-tht/radang-tenggorokan,"Penyakit radang tenggorokan bisa menimbulkan rasa tidak nyaman. Berikut merupakan gejala, penyebab dan obat radang tenggorokan"
Rambut Rontok,https://www.klikdokter.com/penyakit/masalah-kulit/rambut-rontok,Rambut rontok dalam dunia medis disebut sebagai alopesia. Kerontokan merupakan kondisi umum yang memang terjadi pada semua orang.
Rematik,https://www.klikdokter.com/penyakit/masalah-otot-dan-sendi/rematik,"Rematik (rheumatoid arthritis) adalah autoimun sistemik yang sebabkan peradangan sendi. Ini gejala, penyebab, dan pengobatan rematik."
Resistensi Antibiotik,https://www.klikdokter.com/penyakit/masalah-infeksi/resistensi-antibiotik,"Antibiotik adalah obat untuk mengatasi infeksi bakteri. Tapi, jika penggunaan antibiotik tidak sesuai, resistensi antibiotik bisa terjadi. Apa bahayanya?"
Rheumatoid Artritis,https://www.klikdokter.com/penyakit/masalah-otot-dan-sendi/rheumatoid-artritis,Rheumatoid artritis merupakan penyakit autoimun yang menyerang sendi.
Rhinofaringitis,https://www.klikdokter.com/penyakit/masalah-tht/rhinofaringitis,Rhinofaringitis adalah gangguan kesehatan akibat infeksi di rongga hidung hingga tenggorokan (faring). Bagaimana cara mengobati penyakit Rhinofaringitis?
Rosacea,https://www.klikdokter.com/penyakit/masalah-kulit/rosacea,Rosacea merupakan kelainan kulit yang ditandai dengan adanya peradangan kronik di kulit.
Roseola Infantum,https://www.klikdokter.com/penyakit/masalah-infeksi/roseola-infantum,Roseola infantum merupakan penyakit akibat infeksi virus yang ditandai dengan demam tinggi dan kemerahan di kulit.
Rotavirus,https://www.klikdokter.com/penyakit/masalah-infeksi/rotavirus,Rotavirus adalah penyebab gastroenteritis (diare) yang paling umum pada anak-anak.
Ruam Kulit,https://www.klikdokter.com/penyakit/masalah-kulit/ruam-kulit,"Ruam kulit bukanlah suatu diagnosis penyakit, melainkan suatu gejala kulit. Ketahui apa itu ruam kulit, penyebab, gejala, dan pengobatannya."
Ruam Popok,https://www.klikdokter.com/penyakit/masalah-kulit/ruam-popok,"Ruam popok (diaper rash) merupakan kondisi yang sering dialami oleh bayi, terkait dengan penggunaan popoknya."
Rubella,https://www.klikdokter.com/penyakit/masalah-kulit/rubella,"Rubella, atau Campak Jerman, adalah infeksi virus yang menyerang kulit dan kelenjar getah bening. Simak penyebab, gejala, dan pengobatannya."
Sakit Leher,https://www.klikdokter.com/penyakit/masalah-otot-dan-sendi/sakit-leher,Sakit leher termasuk gangguan kesehatan yang umum dialami siapa pun.
Sakit Lutut,https://www.klikdokter.com/penyakit/masalah-otot-dan-sendi/sakit-lutut,Nyeri lutut merupakan keluhan yang sering ditemui dalam kehidupan sehari-hari. Kondisi kesehatan ini sebenarnya bukanlah suatu penyakit
Sakit Perut,https://www.klikdokter.com/penyakit/masalah-pencernaan/sakit-perut,Sakit perut merupakan salah satu keluhan yang umum dirasakan sebagian besar orang.
Sakit Pinggang,https://www.klikdokter.com/penyakit/masalah-otot-dan-sendi/sakit-pinggang,Sakit pinggang merupakan salah satu keluhan kesehatan yang sering ditemukan sehari-hari dan bisa dialami siapa saja.
Sakit Tenggorokan,https://www.klikdokter.com/penyakit/masalah-tht/sakit-tenggorokan,Sakit tenggorokan merupakan salah satu keluhan yang sering dialami oleh banyak orang pada berbagai rentang usia –mulai dari anak-anak
Schistosomiasis,https://www.klikdokter.com/penyakit/masalah-infeksi/schistosomiasis,Schistosomiasis adalah penyakit yang disebabkan oleh cacing parasit dengan keong sebagai perantaranya.
Selulit,https://www.klikdokter.com/penyakit/masalah-kulit/selulit,Selulit merupakan istilah yang digunakan untuk mengambarkan kondisi kulit yang memiliki lesung dan tampak bergumpal.
Sembelit,https://www.klikdokter.com/penyakit/masalah-pencernaan/sembelit,"Sembelit atau konstipasi adalah gangguan pada sistem pencernaan seseorang. Berikut pengertian, gejala, penyebab, dan pengobatan sembelit."
Sengatan Lebah,https://www.klikdokter.com/penyakit/masalah-kesehatan-umum/sengatan-lebah,Sengatan lebah terjadi ketika lebah menusuk kulit manusia. Umumnya gejala yang timbul adalah nyeri pada daerah sengatan.
Septic Arthritis,https://www.klikdokter.com/penyakit/masalah-otot-dan-sendi/septic-arthritis,"Septik arthritis adalah infeksi pada sendi. Infeksi ini dapat disebabkan berbagai organisme, seperti bakteri, jamur, virus, dan sebagainya."
Shigellosis,https://www.klikdokter.com/penyakit/masalah-infeksi/shigellosis,Shigellosis merupakan penyakit pada usus yang disebabkan oleh kelompok bakteri yang dikenal dengan nama Shigella.
Sindrom Hemolitik Uremik,https://www.klikdokter.com/penyakit/masalah-infeksi/sindrom-hemolitik-uremik,"Sindrom hemolitik uremik merupakan gangguan sistem imun yang menyebabkan gagal ginjal, trombositopenia (kadar trombosit yang rendah)"
Sindrom Reye,https://www.klikdokter.com/penyakit/masalah-infeksi/sindrom-reye,"Dinamakan sesuai dengan nama penemunya, RDK Reye, sindrom Reye merupakan suatu penyakit yang sangat langka."
Sinusitis,https://www.klikdokter.com/penyakit/masalah-tht/sinusitis,"Sinusitis adalah peradangan yang terjadi pada dinding sinus. Mari ketahui pengertian, penyebab, gejala, dan pengobatan sinusitis di sini."
Sistiserkosis,https://www.klikdokter.com/penyakit/masalah-infeksi/sistiserkosis,Sistiserkosis adalah suatu istilah yang digunakan untuk menggambarkan infeksi akibat telur dari cacing pita Taenia solium.
Skabies,https://www.klikdokter.com/penyakit/masalah-kulit/skabies,Skabies merupakan kondisi yang menyebabkan rasa gatal pada kulit akibat terdapatnya tungau yang menggali ke dalam kulit.
Spondiloartritis,https://www.klikdokter.com/penyakit/masalah-otot-dan-sendi/spondiloartritis,Spondyloarthritis adalah penyakit reumatik autoimun dengan gejala radang sendi. Penyebab spondiloartritis belum diketahui pasti.
Staphylococcus Scalded Skin Syndrome,https://www.klikdokter.com/penyakit/masalah-kulit/staphylococcus-scalded-skin-syndrome,Staphylococcus Scalded Skin Syndrome (SSSS) merupakan kondisi infeksi kulit berat yang timbul akibat infeksi dari bakteri Staphylococcus aur
Stretch Mark,https://www.klikdokter.com/penyakit/masalah-kulit/stretch-mark,"Stretch mark, atau juga dikenal dengan istilah striae, merupakan kondisi pada kulit di mana muncul garis-garis beruntai pada kulit."
Stretch Marks,https://www.klikdokter.com/penyakit/masalah-kulit/stretch-marks,"Stretch marks, atau juga dikenal dengan istilah striae, merupakan kondisi pada kulit di mana muncul garis-garis beruntai pada kulit."
Suara Serak,https://www.klikdokter.com/penyakit/masalah-tht/suara-serak,Gangguan suara dapat terjadi karena berbagai penyebab. Salah  satu gangguan suara yang cukup sering ditemui adalah suara serak.
Syok Hipovolemik,https://www.klikdokter.com/penyakit/gangguan-darah/syok-hipovolemik,Syok hipovolemik merupakan kondisi ketika tubuh mengalami kehilangan lebih dari 20 persen darah atau cairan.
Tahi Lalat,https://www.klikdokter.com/penyakit/masalah-kulit/tahi-lalat,"Tahi lalat, atau secara medis disebut nevus pigmentosus, merupakan gangguan pigmen di kulit."
Tendinitis,https://www.klikdokter.com/penyakit/masalah-otot-dan-sendi/tendinitis,"Tendinitis merupakan penyakit yang ditandai dengan adanya peradangan pada tendon, yaitu urat yang mengubungkan antara otot dengan sendi."
Tendinitis Achilles,https://www.klikdokter.com/penyakit/masalah-otot-dan-sendi/tendinitis-achilles,"Tendinitis achilles adalah peradangan dari tendon achilles, penghubung otot betis dan tulang tumit. Berikut penyebab, gejala, dan pengobatan"
Thalassemia,https://www.klikdokter.com/penyakit/gangguan-darah/thalassemia,Thalassemia adalah penyakit kelainan darah yang menyebabkan protein yang ada di dalam sel darah merah (hemoglobin) tidak berfungsi  Baik.
Tinea Barbae,https://www.klikdokter.com/penyakit/masalah-kulit/tinea-barbae,Tinea barbae merupakan infeksi akibat jamur yang menyerang area tumbuhnya janggut dan kumis.
Tinea Capitis,https://www.klikdokter.com/penyakit/masalah-kulit/tinea-capitis,Tinea kapitis merupakan infeksi jamur pada kulit kepala beserta rambut. Tanda dan gejala dari tinea kapitis dapat bervariasi.
Tinea Corporis,https://www.klikdokter.com/penyakit/masalah-infeksi/tinea-corporis,Tinea korporis merupakan infeksi jamur pada lapisan atas kulit tubuh.
Tinea Cruris,https://www.klikdokter.com/penyakit/masalah-infeksi/tinea-cruris,"Tinea cruris, atau biasa disebut jock itch, adalah infeksi jamur yang menyerang kulit di sekitar kelamin, anus, dan bokong."
Tinea Pedis,https://www.klikdokter.com/penyakit/masalah-kulit/tinea-pedis,Tinea pedis atau dikenal dengan kutu air memicu rasa gatal di sela jari-jari kaki. Bagaimana pengobatan dan pencegahan tinea pedis?
Toksoplasmosis,https://www.klikdokter.com/penyakit/masalah-infeksi/toksoplasmosis,Toksoplasmosis adalah penyakit yang disebabkan infeksi protozoa Toksoplasma gondii.
Trikomoniasis,https://www.klikdokter.com/penyakit/masalah-infeksi/trikomoniasis,Trikomoniasis merupakan penyakit menular seksual yang disebabkan oleh parasit Trichomonas vaginalis.
Urtikaria,https://www.klikdokter.com/penyakit/masalah-kulit/urtikaria,"Urtikaria, atau juga dikenal dengan istilah biduran, merupakan kondisi di mana terdapat adanya lesi pada kulit yang meninggi dan gatal."
Varises Esofagus,https://www.klikdokter.com/penyakit/masalah-tht/varises-esofagus,"Varises merupakan kondisi pelebaran abnormal pada pembuluh darah vena. Pada varises, dinding pembuluh darah melebar, tipis, dan mudah pecah."
Vitiligo,https://www.klikdokter.com/penyakit/masalah-kulit/vitiligo,Vitiligo adalah kondisi kulit berubah warna menjadi lebih terang akibat kurangnya melanin atau zat pewarna kulit. Bagaimana pengobatannya?
Xanthoma,https://www.klikdokter.com/penyakit/masalah-kulit/xanthoma,Xanthoma merupakan kelainan kulit yang ditandai dengan penumpukan lemak. Biasanya xanthoma terjadi di dekat kelopak mata bagian atas.